Accuracy,F1-Score (Macro)
0.7323943661971831,0.5388034188034188
